"source","target","amount"
"Salary","Income","3400.0"
"Side work","Income","600.0"
"Income","Taxes","900.0"
"Income","Housing","1275.0"
"Income","Food","605.0"
"Income","Transport","315.0"
"Income","Leisure","295.0"
"Income","Savings","610.0"
"Housing","Rent","980.0"
"Housing","Utilities","175.0"
"Housing","Repairs","120.0"
"Utilities","Energy","140.0"
"Utilities","Water","35.0"
"Food","Groceries","420.0"
"Food","Eating out","185.0"
"Transport","Car","205.0"
"Transport","Season ticket","110.0"
"Car","Fuel","130.0"
"Car","Insurance","75.0"
"Leisure","Holidays","160.0"
"Leisure","Hobbies","90.0"
"Leisure","Subscriptions","45.0"
