"days","surviving","sex"
"0.0","1.0","Female"
"5.0","0.9889","Female"
"60.0","0.9778","Female"
"61.0","0.9667","Female"
"62.0","0.9556","Female"
"79.0","0.9444","Female"
"81.0","0.9333","Female"
"92.0","0.9333","Female"
"95.0","0.9221","Female"
"105.0","0.9221","Female"
"107.0","0.9107","Female"
"122.0","0.8993","Female"
"145.0","0.8766","Female"
"153.0","0.8652","Female"
"166.0","0.8538","Female"
"167.0","0.8424","Female"
"173.0","0.8424","Female"
"175.0","0.8424","Female"
"177.0","0.8424","Female"
"182.0","0.8305","Female"
"186.0","0.8187","Female"
"192.0","0.8187","Female"
"194.0","0.8066","Female"
"199.0","0.7946","Female"
"201.0","0.7705","Female"
"202.0","0.7705","Female"
"203.0","0.7705","Female"
"208.0","0.7581","Female"
"211.0","0.7581","Female"
"224.0","0.7581","Female"
"226.0","0.7452","Female"
"235.0","0.7452","Female"
"239.0","0.7322","Female"
"240.0","0.7322","Female"
"243.0","0.7322","Female"
"245.0","0.7186","Female"
"252.0","0.7186","Female"
"266.0","0.7186","Female"
"268.0","0.7045","Female"
"269.0","0.7045","Female"
"272.0","0.7045","Female"
"276.0","0.7045","Female"
"285.0","0.6895","Female"
"292.0","0.6895","Female"
"293.0","0.6742","Female"
"296.0","0.6742","Female"
"305.0","0.6585","Female"
"310.0","0.6428","Female"
"315.0","0.6428","Female"
"332.0","0.6428","Female"
"340.0","0.6264","Female"
"345.0","0.6099","Female"
"348.0","0.5934","Female"
"350.0","0.5769","Female"
"351.0","0.5604","Female"
"356.0","0.5604","Female"
"361.0","0.5434","Female"
"363.0","0.5265","Female"
"364.0","0.5265","Female"
"371.0","0.5089","Female"
"376.0","0.5089","Female"
"382.0","0.5089","Female"
"384.0","0.5089","Female"
"426.0","0.4893","Female"
"433.0","0.4698","Female"
"444.0","0.4502","Female"
"450.0","0.4306","Female"
"473.0","0.411","Female"
"511.0","0.411","Female"
"520.0","0.3894","Female"
"524.0","0.3678","Female"
"529.0","0.3678","Female"
"543.0","0.3678","Female"
"550.0","0.3433","Female"
"551.0","0.3433","Female"
"559.0","0.3433","Female"
"588.0","0.3433","Female"
"641.0","0.3121","Female"
"654.0","0.2808","Female"
"687.0","0.2496","Female"
"705.0","0.2184","Female"
"728.0","0.1872","Female"
"731.0","0.156","Female"
"735.0","0.1248","Female"
"740.0","0.1248","Female"
"765.0","0.0832","Female"
"821.0","0.0832","Female"
"965.0","0.0832","Female"
"0.0","1.0","Male"
"11.0","0.9783","Male"
"12.0","0.971","Male"
"13.0","0.9565","Male"
"15.0","0.9493","Male"
"26.0","0.942","Male"
"30.0","0.9348","Male"
"31.0","0.9275","Male"
"53.0","0.913","Male"
"54.0","0.9058","Male"
"59.0","0.8986","Male"
"60.0","0.8913","Male"
"65.0","0.8768","Male"
"71.0","0.8696","Male"
"81.0","0.8623","Male"
"88.0","0.8478","Male"
"92.0","0.8406","Male"
"93.0","0.8333","Male"
"95.0","0.8261","Male"
"105.0","0.8188","Male"
"107.0","0.8116","Male"
"110.0","0.8043","Male"
"116.0","0.7971","Male"
"118.0","0.7899","Male"
"131.0","0.7826","Male"
"132.0","0.7681","Male"
"135.0","0.7609","Male"
"142.0","0.7536","Male"
"144.0","0.7464","Male"
"147.0","0.7391","Male"
"156.0","0.7246","Male"
"163.0","0.7029","Male"
"166.0","0.6957","Male"
"170.0","0.6884","Male"
"174.0","0.6884","Male"
"175.0","0.6811","Male"
"176.0","0.6738","Male"
"177.0","0.6664","Male"
"179.0","0.6518","Male"
"180.0","0.6445","Male"
"181.0","0.6298","Male"
"183.0","0.6225","Male"
"185.0","0.6225","Male"
"188.0","0.6225","Male"
"189.0","0.615","Male"
"191.0","0.615","Male"
"196.0","0.615","Male"
"197.0","0.6073","Male"
"202.0","0.5995","Male"
"207.0","0.5917","Male"
"210.0","0.5839","Male"
"212.0","0.5762","Male"
"218.0","0.5684","Male"
"221.0","0.5684","Male"
"222.0","0.5605","Male"
"223.0","0.5525","Male"
"225.0","0.5525","Male"
"229.0","0.5442","Male"
"230.0","0.536","Male"
"237.0","0.536","Male"
"239.0","0.5276","Male"
"246.0","0.5192","Male"
"259.0","0.5192","Male"
"267.0","0.5107","Male"
"269.0","0.5022","Male"
"270.0","0.4937","Male"
"279.0","0.4937","Male"
"283.0","0.485","Male"
"284.0","0.4764","Male"
"285.0","0.4676","Male"
"286.0","0.4587","Male"
"288.0","0.4499","Male"
"291.0","0.4411","Male"
"292.0","0.4411","Male"
"300.0","0.4411","Male"
"301.0","0.4319","Male"
"303.0","0.4225","Male"
"306.0","0.4129","Male"
"310.0","0.4033","Male"
"320.0","0.3937","Male"
"329.0","0.3841","Male"
"337.0","0.3745","Male"
"353.0","0.3553","Male"
"363.0","0.3457","Male"
"364.0","0.3361","Male"
"371.0","0.3265","Male"
"387.0","0.3169","Male"
"390.0","0.3073","Male"
"394.0","0.2977","Male"
"404.0","0.2977","Male"
"413.0","0.2977","Male"
"428.0","0.2874","Male"
"429.0","0.2771","Male"
"442.0","0.2669","Male"
"444.0","0.2669","Male"
"455.0","0.2562","Male"
"457.0","0.2455","Male"
"458.0","0.2455","Male"
"460.0","0.2344","Male"
"477.0","0.2232","Male"
"519.0","0.2121","Male"
"524.0","0.2009","Male"
"533.0","0.1897","Male"
"558.0","0.1786","Male"
"567.0","0.1674","Male"
"574.0","0.1562","Male"
"583.0","0.1451","Male"
"613.0","0.1339","Male"
"624.0","0.1228","Male"
"643.0","0.1116","Male"
"655.0","0.1004","Male"
"689.0","0.0893","Male"
"707.0","0.0781","Male"
"791.0","0.067","Male"
"806.0","0.067","Male"
"814.0","0.0536","Male"
"840.0","0.0536","Male"
"883.0","0.0357","Male"
"1010.0","0.0357","Male"
"1022.0","0.0357","Male"
