"combination","source","member"
"Web","Web","yes"
"Paper","Web","no"
"Paper and web","Web","yes"
"Radio","Web","no"
"Radio and web","Web","yes"
"Paper and radio","Web","no"
"All three","Web","yes"
"Web","Paper","no"
"Paper","Paper","yes"
"Paper and web","Paper","yes"
"Radio","Paper","no"
"Radio and web","Paper","no"
"Paper and radio","Paper","yes"
"All three","Paper","yes"
"Web","Radio","no"
"Paper","Radio","no"
"Paper and web","Radio","no"
"Radio","Radio","yes"
"Radio and web","Radio","yes"
"Paper and radio","Radio","yes"
"All three","Radio","yes"
