"period","month","cause","deaths"
"1854-55","Apr","Disease","1.0"
"1854-55","Apr","Wounds","0.0"
"1854-55","Apr","Other","5.0"
"1854-55","May","Disease","12.0"
"1854-55","May","Wounds","0.0"
"1854-55","May","Other","9.0"
"1854-55","Jun","Disease","11.0"
"1854-55","Jun","Wounds","0.0"
"1854-55","Jun","Other","6.0"
"1854-55","Jul","Disease","359.0"
"1854-55","Jul","Wounds","0.0"
"1854-55","Jul","Other","23.0"
"1854-55","Aug","Disease","828.0"
"1854-55","Aug","Wounds","1.0"
"1854-55","Aug","Other","30.0"
"1854-55","Sep","Disease","788.0"
"1854-55","Sep","Wounds","81.0"
"1854-55","Sep","Other","70.0"
"1854-55","Oct","Disease","503.0"
"1854-55","Oct","Wounds","132.0"
"1854-55","Oct","Other","128.0"
"1854-55","Nov","Disease","844.0"
"1854-55","Nov","Wounds","287.0"
"1854-55","Nov","Other","106.0"
"1854-55","Dec","Disease","1725.0"
"1854-55","Dec","Wounds","114.0"
"1854-55","Dec","Other","131.0"
"1854-55","Jan","Disease","2761.0"
"1854-55","Jan","Wounds","83.0"
"1854-55","Jan","Other","324.0"
"1854-55","Feb","Disease","2120.0"
"1854-55","Feb","Wounds","42.0"
"1854-55","Feb","Other","361.0"
"1854-55","Mar","Disease","1205.0"
"1854-55","Mar","Wounds","32.0"
"1854-55","Mar","Other","172.0"
"1855-56","Apr","Disease","477.0"
"1855-56","Apr","Wounds","48.0"
"1855-56","Apr","Other","57.0"
"1855-56","May","Disease","508.0"
"1855-56","May","Wounds","49.0"
"1855-56","May","Other","37.0"
"1855-56","Jun","Disease","802.0"
"1855-56","Jun","Wounds","209.0"
"1855-56","Jun","Other","31.0"
"1855-56","Jul","Disease","382.0"
"1855-56","Jul","Wounds","134.0"
"1855-56","Jul","Other","33.0"
"1855-56","Aug","Disease","483.0"
"1855-56","Aug","Wounds","164.0"
"1855-56","Aug","Other","25.0"
"1855-56","Sep","Disease","189.0"
"1855-56","Sep","Wounds","276.0"
"1855-56","Sep","Other","20.0"
"1855-56","Oct","Disease","128.0"
"1855-56","Oct","Wounds","53.0"
"1855-56","Oct","Other","18.0"
"1855-56","Nov","Disease","178.0"
"1855-56","Nov","Wounds","33.0"
"1855-56","Nov","Other","32.0"
"1855-56","Dec","Disease","91.0"
"1855-56","Dec","Wounds","18.0"
"1855-56","Dec","Other","28.0"
"1855-56","Jan","Disease","42.0"
"1855-56","Jan","Wounds","2.0"
"1855-56","Jan","Other","48.0"
"1855-56","Feb","Disease","24.0"
"1855-56","Feb","Wounds","0.0"
"1855-56","Feb","Other","19.0"
"1855-56","Mar","Disease","15.0"
"1855-56","Mar","Wounds","0.0"
"1855-56","Mar","Other","35.0"
