"month","day","band","degrees"
"May","1","warm","0.0"
"May","2","warm","0.0"
"May","3","warm","0.0"
"May","4","warm","0.0"
"May","5","warm","0.0"
"May","6","warm","0.0"
"May","7","warm","0.0"
"May","8","warm","0.0"
"May","9","warm","0.0"
"May","10","warm","0.0"
"May","11","warm","0.0"
"May","12","warm","0.0"
"May","13","warm","0.0"
"May","14","warm","0.0"
"May","15","warm","0.0"
"May","16","warm","0.0"
"May","17","warm","0.0"
"May","18","warm","0.0"
"May","19","warm","0.0"
"May","20","warm","0.0"
"May","21","warm","0.0"
"May","22","warm","0.0"
"May","23","warm","0.0"
"May","24","warm","0.0"
"May","25","warm","0.0"
"May","26","warm","0.0"
"May","27","warm","0.0"
"May","28","warm","0.0"
"May","29","warm","3.118"
"May","30","warm","1.118"
"May","31","warm","0.0"
"June","1","warm","0.118"
"June","2","warm","0.0"
"June","3","warm","0.0"
"June","4","warm","6.118"
"June","5","warm","7.118"
"June","6","warm","1.118"
"June","7","warm","4.118"
"June","8","warm","7.294"
"June","9","warm","7.294"
"June","10","warm","7.294"
"June","11","warm","7.294"
"June","12","warm","7.294"
"June","13","warm","4.118"
"June","14","warm","2.118"
"June","15","warm","1.118"
"June","16","warm","0.0"
"June","17","warm","0.0"
"June","18","warm","0.0"
"June","19","warm","0.0"
"June","20","warm","0.0"
"June","21","warm","0.0"
"June","22","warm","0.0"
"June","23","warm","0.0"
"June","24","warm","0.0"
"June","25","warm","0.0"
"June","26","warm","0.118"
"June","27","warm","0.0"
"June","28","warm","2.118"
"June","29","warm","0.0"
"June","30","warm","5.118"
"July","1","warm","6.118"
"July","2","warm","7.118"
"July","3","warm","3.118"
"July","4","warm","6.118"
"July","5","warm","5.118"
"July","6","warm","5.118"
"July","7","warm","7.294"
"July","8","warm","7.294"
"July","9","warm","7.294"
"July","10","warm","7.294"
"July","11","warm","4.118"
"July","12","warm","0.0"
"July","13","warm","3.118"
"July","14","warm","7.294"
"July","15","warm","2.118"
"July","16","warm","3.118"
"July","17","warm","4.118"
"July","18","warm","6.118"
"July","19","warm","7.294"
"July","20","warm","7.118"
"July","21","warm","0.0"
"July","22","warm","3.118"
"July","23","warm","4.118"
"July","24","warm","7.294"
"July","25","warm","7.118"
"July","26","warm","4.118"
"July","27","warm","7.294"
"July","28","warm","7.294"
"July","29","warm","7.294"
"July","30","warm","5.118"
"July","31","warm","3.118"
"August","1","warm","3.118"
"August","2","warm","3.118"
"August","3","warm","4.118"
"August","4","warm","7.294"
"August","5","warm","7.118"
"August","6","warm","7.294"
"August","7","warm","7.294"
"August","8","warm","7.294"
"August","9","warm","7.294"
"August","10","warm","7.294"
"August","11","warm","7.294"
"August","12","warm","7.294"
"August","13","warm","4.118"
"August","14","warm","2.118"
"August","15","warm","1.118"
"August","16","warm","0.0"
"August","17","warm","1.118"
"August","18","warm","0.0"
"August","19","warm","0.118"
"August","20","warm","0.118"
"August","21","warm","0.0"
"August","22","warm","0.0"
"August","23","warm","0.0"
"August","24","warm","1.118"
"August","25","warm","3.118"
"August","26","warm","7.294"
"August","27","warm","7.294"
"August","28","warm","7.294"
"August","29","warm","7.294"
"August","30","warm","7.294"
"August","31","warm","7.294"
"September","1","warm","7.294"
"September","2","warm","7.294"
"September","3","warm","7.294"
"September","4","warm","7.294"
"September","5","warm","7.294"
"September","6","warm","6.118"
"September","7","warm","2.118"
"September","8","warm","0.118"
"September","9","warm","0.0"
"September","10","warm","0.0"
"September","11","warm","3.118"
"September","12","warm","0.0"
"September","13","warm","0.0"
"September","14","warm","0.0"
"September","15","warm","0.0"
"September","16","warm","0.118"
"September","17","warm","0.0"
"September","18","warm","0.0"
"September","19","warm","0.0"
"September","20","warm","4.118"
"September","21","warm","0.0"
"September","22","warm","0.0"
"September","23","warm","3.118"
"September","24","warm","0.0"
"September","25","warm","0.0"
"September","26","warm","0.0"
"September","27","warm","0.0"
"September","28","warm","0.0"
"September","29","warm","0.0"
"September","30","warm","0.0"
"May","1","warmer","0.0"
"May","2","warmer","0.0"
"May","3","warmer","0.0"
"May","4","warmer","0.0"
"May","5","warmer","0.0"
"May","6","warmer","0.0"
"May","7","warmer","0.0"
"May","8","warmer","0.0"
"May","9","warmer","0.0"
"May","10","warmer","0.0"
"May","11","warmer","0.0"
"May","12","warmer","0.0"
"May","13","warmer","0.0"
"May","14","warmer","0.0"
"May","15","warmer","0.0"
"May","16","warmer","0.0"
"May","17","warmer","0.0"
"May","18","warmer","0.0"
"May","19","warmer","0.0"
"May","20","warmer","0.0"
"May","21","warmer","0.0"
"May","22","warmer","0.0"
"May","23","warmer","0.0"
"May","24","warmer","0.0"
"May","25","warmer","0.0"
"May","26","warmer","0.0"
"May","27","warmer","0.0"
"May","28","warmer","0.0"
"May","29","warmer","0.0"
"May","30","warmer","0.0"
"May","31","warmer","0.0"
"June","1","warmer","0.0"
"June","2","warmer","0.0"
"June","3","warmer","0.0"
"June","4","warmer","0.0"
"June","5","warmer","0.0"
"June","6","warmer","0.0"
"June","7","warmer","0.0"
"June","8","warmer","1.824"
"June","9","warmer","4.824"
"June","10","warmer","1.824"
"June","11","warmer","7.294"
"June","12","warmer","6.824"
"June","13","warmer","0.0"
"June","14","warmer","0.0"
"June","15","warmer","0.0"
"June","16","warmer","0.0"
"June","17","warmer","0.0"
"June","18","warmer","0.0"
"June","19","warmer","0.0"
"June","20","warmer","0.0"
"June","21","warmer","0.0"
"June","22","warmer","0.0"
"June","23","warmer","0.0"
"June","24","warmer","0.0"
"June","25","warmer","0.0"
"June","26","warmer","0.0"
"June","27","warmer","0.0"
"June","28","warmer","0.0"
"June","29","warmer","0.0"
"June","30","warmer","0.0"
"July","1","warmer","0.0"
"July","2","warmer","0.0"
"July","3","warmer","0.0"
"July","4","warmer","0.0"
"July","5","warmer","0.0"
"July","6","warmer","0.0"
"July","7","warmer","2.824"
"July","8","warmer","6.824"
"July","9","warmer","6.824"
"July","10","warmer","3.824"
"July","11","warmer","0.0"
"July","12","warmer","0.0"
"July","13","warmer","0.0"
"July","14","warmer","5.824"
"July","15","warmer","0.0"
"July","16","warmer","0.0"
"July","17","warmer","0.0"
"July","18","warmer","0.0"
"July","19","warmer","1.824"
"July","20","warmer","0.0"
"July","21","warmer","0.0"
"July","22","warmer","0.0"
"July","23","warmer","0.0"
"July","24","warmer","0.824"
"July","25","warmer","0.0"
"July","26","warmer","0.0"
"July","27","warmer","0.824"
"July","28","warmer","2.824"
"July","29","warmer","0.824"
"July","30","warmer","0.0"
"July","31","warmer","0.0"
"August","1","warmer","0.0"
"August","2","warmer","0.0"
"August","3","warmer","0.0"
"August","4","warmer","0.824"
"August","5","warmer","0.0"
"August","6","warmer","1.824"
"August","7","warmer","3.824"
"August","8","warmer","4.824"
"August","9","warmer","4.824"
"August","10","warmer","6.824"
"August","11","warmer","0.824"
"August","12","warmer","0.824"
"August","13","warmer","0.0"
"August","14","warmer","0.0"
"August","15","warmer","0.0"
"August","16","warmer","0.0"
"August","17","warmer","0.0"
"August","18","warmer","0.0"
"August","19","warmer","0.0"
"August","20","warmer","0.0"
"August","21","warmer","0.0"
"August","22","warmer","0.0"
"August","23","warmer","0.0"
"August","24","warmer","0.0"
"August","25","warmer","0.0"
"August","26","warmer","0.824"
"August","27","warmer","2.824"
"August","28","warmer","7.294"
"August","29","warmer","7.294"
"August","30","warmer","7.294"
"August","31","warmer","7.294"
"September","1","warmer","5.824"
"September","2","warmer","6.824"
"September","3","warmer","7.294"
"September","4","warmer","7.294"
"September","5","warmer","1.824"
"September","6","warmer","0.0"
"September","7","warmer","0.0"
"September","8","warmer","0.0"
"September","9","warmer","0.0"
"September","10","warmer","0.0"
"September","11","warmer","0.0"
"September","12","warmer","0.0"
"September","13","warmer","0.0"
"September","14","warmer","0.0"
"September","15","warmer","0.0"
"September","16","warmer","0.0"
"September","17","warmer","0.0"
"September","18","warmer","0.0"
"September","19","warmer","0.0"
"September","20","warmer","0.0"
"September","21","warmer","0.0"
"September","22","warmer","0.0"
"September","23","warmer","0.0"
"September","24","warmer","0.0"
"September","25","warmer","0.0"
"September","26","warmer","0.0"
"September","27","warmer","0.0"
"September","28","warmer","0.0"
"September","29","warmer","0.0"
"September","30","warmer","0.0"
"May","1","warmest","0.0"
"May","2","warmest","0.0"
"May","3","warmest","0.0"
"May","4","warmest","0.0"
"May","5","warmest","0.0"
"May","6","warmest","0.0"
"May","7","warmest","0.0"
"May","8","warmest","0.0"
"May","9","warmest","0.0"
"May","10","warmest","0.0"
"May","11","warmest","0.0"
"May","12","warmest","0.0"
"May","13","warmest","0.0"
"May","14","warmest","0.0"
"May","15","warmest","0.0"
"May","16","warmest","0.0"
"May","17","warmest","0.0"
"May","18","warmest","0.0"
"May","19","warmest","0.0"
"May","20","warmest","0.0"
"May","21","warmest","0.0"
"May","22","warmest","0.0"
"May","23","warmest","0.0"
"May","24","warmest","0.0"
"May","25","warmest","0.0"
"May","26","warmest","0.0"
"May","27","warmest","0.0"
"May","28","warmest","0.0"
"May","29","warmest","0.0"
"May","30","warmest","0.0"
"May","31","warmest","0.0"
"June","1","warmest","0.0"
"June","2","warmest","0.0"
"June","3","warmest","0.0"
"June","4","warmest","0.0"
"June","5","warmest","0.0"
"June","6","warmest","0.0"
"June","7","warmest","0.0"
"June","8","warmest","0.0"
"June","9","warmest","0.0"
"June","10","warmest","0.0"
"June","11","warmest","0.529"
"June","12","warmest","0.0"
"June","13","warmest","0.0"
"June","14","warmest","0.0"
"June","15","warmest","0.0"
"June","16","warmest","0.0"
"June","17","warmest","0.0"
"June","18","warmest","0.0"
"June","19","warmest","0.0"
"June","20","warmest","0.0"
"June","21","warmest","0.0"
"June","22","warmest","0.0"
"June","23","warmest","0.0"
"June","24","warmest","0.0"
"June","25","warmest","0.0"
"June","26","warmest","0.0"
"June","27","warmest","0.0"
"June","28","warmest","0.0"
"June","29","warmest","0.0"
"June","30","warmest","0.0"
"July","1","warmest","0.0"
"July","2","warmest","0.0"
"July","3","warmest","0.0"
"July","4","warmest","0.0"
"July","5","warmest","0.0"
"July","6","warmest","0.0"
"July","7","warmest","0.0"
"July","8","warmest","0.0"
"July","9","warmest","0.0"
"July","10","warmest","0.0"
"July","11","warmest","0.0"
"July","12","warmest","0.0"
"July","13","warmest","0.0"
"July","14","warmest","0.0"
"July","15","warmest","0.0"
"July","16","warmest","0.0"
"July","17","warmest","0.0"
"July","18","warmest","0.0"
"July","19","warmest","0.0"
"July","20","warmest","0.0"
"July","21","warmest","0.0"
"July","22","warmest","0.0"
"July","23","warmest","0.0"
"July","24","warmest","0.0"
"July","25","warmest","0.0"
"July","26","warmest","0.0"
"July","27","warmest","0.0"
"July","28","warmest","0.0"
"July","29","warmest","0.0"
"July","30","warmest","0.0"
"July","31","warmest","0.0"
"August","1","warmest","0.0"
"August","2","warmest","0.0"
"August","3","warmest","0.0"
"August","4","warmest","0.0"
"August","5","warmest","0.0"
"August","6","warmest","0.0"
"August","7","warmest","0.0"
"August","8","warmest","0.0"
"August","9","warmest","0.0"
"August","10","warmest","0.0"
"August","11","warmest","0.0"
"August","12","warmest","0.0"
"August","13","warmest","0.0"
"August","14","warmest","0.0"
"August","15","warmest","0.0"
"August","16","warmest","0.0"
"August","17","warmest","0.0"
"August","18","warmest","0.0"
"August","19","warmest","0.0"
"August","20","warmest","0.0"
"August","21","warmest","0.0"
"August","22","warmest","0.0"
"August","23","warmest","0.0"
"August","24","warmest","0.0"
"August","25","warmest","0.0"
"August","26","warmest","0.0"
"August","27","warmest","0.0"
"August","28","warmest","4.529"
"August","29","warmest","1.529"
"August","30","warmest","3.529"
"August","31","warmest","1.529"
"September","1","warmest","0.0"
"September","2","warmest","0.0"
"September","3","warmest","0.529"
"September","4","warmest","0.529"
"September","5","warmest","0.0"
"September","6","warmest","0.0"
"September","7","warmest","0.0"
"September","8","warmest","0.0"
"September","9","warmest","0.0"
"September","10","warmest","0.0"
"September","11","warmest","0.0"
"September","12","warmest","0.0"
"September","13","warmest","0.0"
"September","14","warmest","0.0"
"September","15","warmest","0.0"
"September","16","warmest","0.0"
"September","17","warmest","0.0"
"September","18","warmest","0.0"
"September","19","warmest","0.0"
"September","20","warmest","0.0"
"September","21","warmest","0.0"
"September","22","warmest","0.0"
"September","23","warmest","0.0"
"September","24","warmest","0.0"
"September","25","warmest","0.0"
"September","26","warmest","0.0"
"September","27","warmest","0.0"
"September","28","warmest","0.0"
"September","29","warmest","0.0"
"September","30","warmest","0.0"
"May","1","cool","7.294"
"May","2","cool","5.882"
"May","3","cool","3.882"
"May","4","cool","7.294"
"May","5","cool","7.294"
"May","6","cool","7.294"
"May","7","cool","7.294"
"May","8","cool","7.294"
"May","9","cool","7.294"
"May","10","cool","7.294"
"May","11","cool","3.882"
"May","12","cool","7.294"
"May","13","cool","7.294"
"May","14","cool","7.294"
"May","15","cool","7.294"
"May","16","cool","7.294"
"May","17","cool","7.294"
"May","18","cool","7.294"
"May","19","cool","7.294"
"May","20","cool","7.294"
"May","21","cool","7.294"
"May","22","cool","4.882"
"May","23","cool","7.294"
"May","24","cool","7.294"
"May","25","cool","7.294"
"May","26","cool","7.294"
"May","27","cool","7.294"
"May","28","cool","7.294"
"May","29","cool","0.0"
"May","30","cool","0.0"
"May","31","cool","1.882"
"June","1","cool","0.0"
"June","2","cool","3.882"
"June","3","cool","7.294"
"June","4","cool","0.0"
"June","5","cool","0.0"
"June","6","cool","0.0"
"June","7","cool","0.0"
"June","8","cool","0.0"
"June","9","cool","0.0"
"June","10","cool","0.0"
"June","11","cool","0.0"
"June","12","cool","0.0"
"June","13","cool","0.0"
"June","14","cool","0.0"
"June","15","cool","0.0"
"June","16","cool","0.882"
"June","17","cool","5.882"
"June","18","cool","7.294"
"June","19","cool","4.882"
"June","20","cool","1.882"
"June","21","cool","0.882"
"June","22","cool","1.882"
"June","23","cool","1.882"
"June","24","cool","1.882"
"June","25","cool","2.882"
"June","26","cool","0.0"
"June","27","cool","4.882"
"June","28","cool","0.0"
"June","29","cool","0.882"
"June","30","cool","0.0"
"July","1","cool","0.0"
"July","2","cool","0.0"
"July","3","cool","0.0"
"July","4","cool","0.0"
"July","5","cool","0.0"
"July","6","cool","0.0"
"July","7","cool","0.0"
"July","8","cool","0.0"
"July","9","cool","0.0"
"July","10","cool","0.0"
"July","11","cool","0.0"
"July","12","cool","4.882"
"July","13","cool","0.0"
"July","14","cool","0.0"
"July","15","cool","0.0"
"July","16","cool","0.0"
"July","17","cool","0.0"
"July","18","cool","0.0"
"July","19","cool","0.0"
"July","20","cool","0.0"
"July","21","cool","3.882"
"July","22","cool","0.0"
"July","23","cool","0.0"
"July","24","cool","0.0"
"July","25","cool","0.0"
"July","26","cool","0.0"
"July","27","cool","0.0"
"July","28","cool","0.0"
"July","29","cool","0.0"
"July","30","cool","0.0"
"July","31","cool","0.0"
"August","1","cool","0.0"
"August","2","cool","0.0"
"August","3","cool","0.0"
"August","4","cool","0.0"
"August","5","cool","0.0"
"August","6","cool","0.0"
"August","7","cool","0.0"
"August","8","cool","0.0"
"August","9","cool","0.0"
"August","10","cool","0.0"
"August","11","cool","0.0"
"August","12","cool","0.0"
"August","13","cool","0.0"
"August","14","cool","0.0"
"August","15","cool","0.0"
"August","16","cool","0.882"
"August","17","cool","0.0"
"August","18","cool","1.882"
"August","19","cool","0.0"
"August","20","cool","0.0"
"August","21","cool","0.882"
"August","22","cool","5.882"
"August","23","cool","2.882"
"August","24","cool","0.0"
"August","25","cool","0.0"
"August","26","cool","0.0"
"August","27","cool","0.0"
"August","28","cool","0.0"
"August","29","cool","0.0"
"August","30","cool","0.0"
"August","31","cool","0.0"
"September","1","cool","0.0"
"September","2","cool","0.0"
"September","3","cool","0.0"
"September","4","cool","0.0"
"September","5","cool","0.0"
"September","6","cool","0.0"
"September","7","cool","0.0"
"September","8","cool","0.0"
"September","9","cool","2.882"
"September","10","cool","4.882"
"September","11","cool","0.0"
"September","12","cool","1.882"
"September","13","cool","0.882"
"September","14","cool","6.882"
"September","15","cool","6.882"
"September","16","cool","0.0"
"September","17","cool","7.294"
"September","18","cool","1.882"
"September","19","cool","7.294"
"September","20","cool","0.0"
"September","21","cool","7.294"
"September","22","cool","6.882"
"September","23","cool","0.0"
"September","24","cool","7.294"
"September","25","cool","7.294"
"September","26","cool","7.294"
"September","27","cool","0.882"
"September","28","cool","2.882"
"September","29","cool","1.882"
"September","30","cool","7.294"
"May","1","cooler","3.588"
"May","2","cooler","0.0"
"May","3","cooler","0.0"
"May","4","cooler","7.294"
"May","5","cooler","7.294"
"May","6","cooler","4.588"
"May","7","cooler","5.588"
"May","8","cooler","7.294"
"May","9","cooler","7.294"
"May","10","cooler","1.588"
"May","11","cooler","0.0"
"May","12","cooler","1.588"
"May","13","cooler","4.588"
"May","14","cooler","2.588"
"May","15","cooler","7.294"
"May","16","cooler","6.588"
"May","17","cooler","4.588"
"May","18","cooler","7.294"
"May","19","cooler","2.588"
"May","20","cooler","7.294"
"May","21","cooler","7.294"
"May","22","cooler","0.0"
"May","23","cooler","7.294"
"May","24","cooler","7.294"
"May","25","cooler","7.294"
"May","26","cooler","7.294"
"May","27","cooler","7.294"
"May","28","cooler","3.588"
"May","29","cooler","0.0"
"May","30","cooler","0.0"
"May","31","cooler","0.0"
"June","1","cooler","0.0"
"June","2","cooler","0.0"
"June","3","cooler","3.588"
"June","4","cooler","0.0"
"June","5","cooler","0.0"
"June","6","cooler","0.0"
"June","7","cooler","0.0"
"June","8","cooler","0.0"
"June","9","cooler","0.0"
"June","10","cooler","0.0"
"June","11","cooler","0.0"
"June","12","cooler","0.0"
"June","13","cooler","0.0"
"June","14","cooler","0.0"
"June","15","cooler","0.0"
"June","16","cooler","0.0"
"June","17","cooler","0.0"
"June","18","cooler","5.588"
"June","19","cooler","0.0"
"June","20","cooler","0.0"
"June","21","cooler","0.0"
"June","22","cooler","0.0"
"June","23","cooler","0.0"
"June","24","cooler","0.0"
"June","25","cooler","0.0"
"June","26","cooler","0.0"
"June","27","cooler","0.0"
"June","28","cooler","0.0"
"June","29","cooler","0.0"
"June","30","cooler","0.0"
"July","1","cooler","0.0"
"July","2","cooler","0.0"
"July","3","cooler","0.0"
"July","4","cooler","0.0"
"July","5","cooler","0.0"
"July","6","cooler","0.0"
"July","7","cooler","0.0"
"July","8","cooler","0.0"
"July","9","cooler","0.0"
"July","10","cooler","0.0"
"July","11","cooler","0.0"
"July","12","cooler","0.0"
"July","13","cooler","0.0"
"July","14","cooler","0.0"
"July","15","cooler","0.0"
"July","16","cooler","0.0"
"July","17","cooler","0.0"
"July","18","cooler","0.0"
"July","19","cooler","0.0"
"July","20","cooler","0.0"
"July","21","cooler","0.0"
"July","22","cooler","0.0"
"July","23","cooler","0.0"
"July","24","cooler","0.0"
"July","25","cooler","0.0"
"July","26","cooler","0.0"
"July","27","cooler","0.0"
"July","28","cooler","0.0"
"July","29","cooler","0.0"
"July","30","cooler","0.0"
"July","31","cooler","0.0"
"August","1","cooler","0.0"
"August","2","cooler","0.0"
"August","3","cooler","0.0"
"August","4","cooler","0.0"
"August","5","cooler","0.0"
"August","6","cooler","0.0"
"August","7","cooler","0.0"
"August","8","cooler","0.0"
"August","9","cooler","0.0"
"August","10","cooler","0.0"
"August","11","cooler","0.0"
"August","12","cooler","0.0"
"August","13","cooler","0.0"
"August","14","cooler","0.0"
"August","15","cooler","0.0"
"August","16","cooler","0.0"
"August","17","cooler","0.0"
"August","18","cooler","0.0"
"August","19","cooler","0.0"
"August","20","cooler","0.0"
"August","21","cooler","0.0"
"August","22","cooler","0.0"
"August","23","cooler","0.0"
"August","24","cooler","0.0"
"August","25","cooler","0.0"
"August","26","cooler","0.0"
"August","27","cooler","0.0"
"August","28","cooler","0.0"
"August","29","cooler","0.0"
"August","30","cooler","0.0"
"August","31","cooler","0.0"
"September","1","cooler","0.0"
"September","2","cooler","0.0"
"September","3","cooler","0.0"
"September","4","cooler","0.0"
"September","5","cooler","0.0"
"September","6","cooler","0.0"
"September","7","cooler","0.0"
"September","8","cooler","0.0"
"September","9","cooler","0.0"
"September","10","cooler","0.0"
"September","11","cooler","0.0"
"September","12","cooler","0.0"
"September","13","cooler","0.0"
"September","14","cooler","0.0"
"September","15","cooler","0.0"
"September","16","cooler","0.0"
"September","17","cooler","3.588"
"September","18","cooler","0.0"
"September","19","cooler","2.588"
"September","20","cooler","0.0"
"September","21","cooler","6.588"
"September","22","cooler","0.0"
"September","23","cooler","0.0"
"September","24","cooler","1.588"
"September","25","cooler","7.294"
"September","26","cooler","0.588"
"September","27","cooler","0.0"
"September","28","cooler","0.0"
"September","29","cooler","0.0"
"September","30","cooler","2.588"
"May","1","coolest","0.0"
"May","2","coolest","0.0"
"May","3","coolest","0.0"
"May","4","coolest","1.294"
"May","5","coolest","7.294"
"May","6","coolest","0.0"
"May","7","coolest","0.0"
"May","8","coolest","4.294"
"May","9","coolest","2.294"
"May","10","coolest","0.0"
"May","11","coolest","0.0"
"May","12","coolest","0.0"
"May","13","coolest","0.0"
"May","14","coolest","0.0"
"May","15","coolest","5.294"
"May","16","coolest","0.0"
"May","17","coolest","0.0"
"May","18","coolest","6.294"
"May","19","coolest","0.0"
"May","20","coolest","1.294"
"May","21","coolest","4.294"
"May","22","coolest","0.0"
"May","23","coolest","2.294"
"May","24","coolest","2.294"
"May","25","coolest","6.294"
"May","26","coolest","5.294"
"May","27","coolest","6.294"
"May","28","coolest","0.0"
"May","29","coolest","0.0"
"May","30","coolest","0.0"
"May","31","coolest","0.0"
"June","1","coolest","0.0"
"June","2","coolest","0.0"
"June","3","coolest","0.0"
"June","4","coolest","0.0"
"June","5","coolest","0.0"
"June","6","coolest","0.0"
"June","7","coolest","0.0"
"June","8","coolest","0.0"
"June","9","coolest","0.0"
"June","10","coolest","0.0"
"June","11","coolest","0.0"
"June","12","coolest","0.0"
"June","13","coolest","0.0"
"June","14","coolest","0.0"
"June","15","coolest","0.0"
"June","16","coolest","0.0"
"June","17","coolest","0.0"
"June","18","coolest","0.0"
"June","19","coolest","0.0"
"June","20","coolest","0.0"
"June","21","coolest","0.0"
"June","22","coolest","0.0"
"June","23","coolest","0.0"
"June","24","coolest","0.0"
"June","25","coolest","0.0"
"June","26","coolest","0.0"
"June","27","coolest","0.0"
"June","28","coolest","0.0"
"June","29","coolest","0.0"
"June","30","coolest","0.0"
"July","1","coolest","0.0"
"July","2","coolest","0.0"
"July","3","coolest","0.0"
"July","4","coolest","0.0"
"July","5","coolest","0.0"
"July","6","coolest","0.0"
"July","7","coolest","0.0"
"July","8","coolest","0.0"
"July","9","coolest","0.0"
"July","10","coolest","0.0"
"July","11","coolest","0.0"
"July","12","coolest","0.0"
"July","13","coolest","0.0"
"July","14","coolest","0.0"
"July","15","coolest","0.0"
"July","16","coolest","0.0"
"July","17","coolest","0.0"
"July","18","coolest","0.0"
"July","19","coolest","0.0"
"July","20","coolest","0.0"
"July","21","coolest","0.0"
"July","22","coolest","0.0"
"July","23","coolest","0.0"
"July","24","coolest","0.0"
"July","25","coolest","0.0"
"July","26","coolest","0.0"
"July","27","coolest","0.0"
"July","28","coolest","0.0"
"July","29","coolest","0.0"
"July","30","coolest","0.0"
"July","31","coolest","0.0"
"August","1","coolest","0.0"
"August","2","coolest","0.0"
"August","3","coolest","0.0"
"August","4","coolest","0.0"
"August","5","coolest","0.0"
"August","6","coolest","0.0"
"August","7","coolest","0.0"
"August","8","coolest","0.0"
"August","9","coolest","0.0"
"August","10","coolest","0.0"
"August","11","coolest","0.0"
"August","12","coolest","0.0"
"August","13","coolest","0.0"
"August","14","coolest","0.0"
"August","15","coolest","0.0"
"August","16","coolest","0.0"
"August","17","coolest","0.0"
"August","18","coolest","0.0"
"August","19","coolest","0.0"
"August","20","coolest","0.0"
"August","21","coolest","0.0"
"August","22","coolest","0.0"
"August","23","coolest","0.0"
"August","24","coolest","0.0"
"August","25","coolest","0.0"
"August","26","coolest","0.0"
"August","27","coolest","0.0"
"August","28","coolest","0.0"
"August","29","coolest","0.0"
"August","30","coolest","0.0"
"August","31","coolest","0.0"
"September","1","coolest","0.0"
"September","2","coolest","0.0"
"September","3","coolest","0.0"
"September","4","coolest","0.0"
"September","5","coolest","0.0"
"September","6","coolest","0.0"
"September","7","coolest","0.0"
"September","8","coolest","0.0"
"September","9","coolest","0.0"
"September","10","coolest","0.0"
"September","11","coolest","0.0"
"September","12","coolest","0.0"
"September","13","coolest","0.0"
"September","14","coolest","0.0"
"September","15","coolest","0.0"
"September","16","coolest","0.0"
"September","17","coolest","0.0"
"September","18","coolest","0.0"
"September","19","coolest","0.0"
"September","20","coolest","0.0"
"September","21","coolest","0.0"
"September","22","coolest","0.0"
"September","23","coolest","0.0"
"September","24","coolest","0.0"
"September","25","coolest","0.294"
"September","26","coolest","0.0"
"September","27","coolest","0.0"
"September","28","coolest","0.0"
"September","29","coolest","0.0"
"September","30","coolest","0.0"
