"a","r"
"0.0","0.1"
"0.25","0.12041884816753927"
"0.5","0.14083769633507853"
"0.75","0.1612565445026178"
"1.0","0.1816753926701571"
"1.25","0.20209424083769634"
"1.5","0.22251308900523561"
"1.75","0.24293193717277486"
"2.0","0.26335078534031414"
"2.25","0.28376963350785345"
"2.5","0.3041884816753927"
"2.75","0.32460732984293195"
"3.0","0.3450261780104712"
"3.25","0.36544502617801045"
"3.5","0.3858638743455497"
"3.75","0.40628272251308906"
"4.0","0.4267015706806283"
"4.25","0.44712041884816756"
"4.5","0.4675392670157068"
"4.75","0.48795811518324606"
"5.0","0.5083769633507853"
"5.25","0.5287958115183247"
"5.5","0.5492146596858639"
"5.75","0.5696335078534032"
"6.0","0.5900523560209424"
"6.25","0.6104712041884817"
"6.5","0.6308900523560209"
"6.75","0.6513089005235602"
"7.0","0.6717277486910994"
"7.25","0.6921465968586388"
"7.5","0.712565445026178"
"7.75","0.7329842931937173"
"8.0","0.7534031413612565"
"8.25","0.7738219895287958"
"8.5","0.794240837696335"
"8.75","0.8146596858638743"
"9.0","0.8350785340314136"
"9.25","0.8554973821989529"
"9.5","0.8759162303664921"
"9.75","0.8963350785340314"
"10.0","0.9167539267015706"
"10.25","0.93717277486910988"
"10.5","0.9575916230366492"
"10.75","0.97801047120418849"
"11.0","0.99842931937172774"
"11.25","1.018848167539267"
"11.5","1.0392670157068062"
"11.75","1.0596858638743456"
"12.0","1.080104712041885"
"12.25","1.100523560209424"
"12.5","1.1209424083769635"
"12.75","1.1413612565445026"
"13.0","1.161780104712042"
"13.25","1.1821989528795813"
"13.5","1.2026178010471205"
"13.75","1.2230366492146598"
"14.0","1.243455497382199"
"14.25","1.2638743455497383"
"14.5","1.2842931937172777"
"14.75","1.3047120418848168"
"15.0","1.3251308900523562"
"15.25","1.3455497382198953"
"15.5","1.3659685863874347"
"15.75","1.3863874345549738"
"16.0","1.4068062827225132"
"16.25","1.4272251308900525"
"16.5","1.4476439790575917"
"16.75","1.468062827225131"
"17.0","1.4884816753926702"
"17.25","1.5089005235602095"
"17.5","1.5293193717277487"
"17.75","1.549738219895288"
"18.0","1.5701570680628274"
"18.25","1.5905759162303665"
"18.5","1.610994764397906"
"18.75","1.631413612565445"
"19.0","1.6518324607329844"
"19.25","1.6722513089005238"
"19.5","1.692670157068063"
"19.75","1.7130890052356023"
"20.0","1.7335078534031414"
"20.25","1.7539267015706808"
"20.5","1.77434554973822"
"20.75","1.7947643979057593"
"21.0","1.8151832460732986"
"21.25","1.8356020942408378"
"21.5","1.8560209424083771"
"21.75","1.8764397905759163"
"22.0","1.8968586387434556"
"22.25","1.9172774869109948"
"22.5","1.9376963350785341"
"22.75","1.9581151832460735"
"23.0","1.9785340314136126"
"23.25","1.998952879581152"
"23.5","2.019371727748691"
"23.75","2.0397905759162303"
"0.0","2.06020942408377"
"0.25","2.080628272251309"
"0.5","2.101047120418848"
"0.75","2.1214659685863877"
"1.0","2.141884816753927"
"1.25","2.162303664921466"
"1.5","2.182722513089005"
"1.75","2.2031413612565447"
"2.0","2.223560209424084"
"2.25","2.243979057591623"
"2.5","2.2643979057591626"
"2.75","2.2848167539267017"
"3.0","2.305235602094241"
"3.25","2.3256544502617804"
"3.5","2.3460732984293196"
"3.75","2.3664921465968587"
"4.0","2.386910994764398"
"4.25","2.4073298429319374"
"4.5","2.4277486910994766"
"4.75","2.4481675392670157"
"5.0","2.4685863874345553"
"5.25","2.4890052356020944"
"5.5","2.5094240837696336"
"5.75","2.5298429319371727"
"6.0","2.5502617801047123"
"6.25","2.5706806282722514"
"6.5","2.5910994764397905"
"6.75","2.61151832460733"
"7.0","2.6319371727748693"
"7.25","2.6523560209424084"
"7.5","2.6727748691099475"
"7.75","2.693193717277487"
"8.0","2.7136125654450263"
"8.25","2.7340314136125654"
"8.5","2.754450261780105"
"8.75","2.774869109947644"
"9.0","2.7952879581151833"
"9.25","2.8157068062827224"
"9.5","2.836125654450262"
"9.75","2.856544502617801"
"10.0","2.8769633507853403"
"10.25","2.89738219895288"
"10.5","2.917801047120419"
"10.75","2.938219895287958"
"11.0","2.9586387434554973"
"11.25","2.979057591623037"
"11.5","2.999476439790576"
"11.75","3.019895287958115"
"12.0","3.0403141361256547"
"12.25","3.060732984293194"
"12.5","3.081151832460733"
"12.75","3.101570680628272"
"13.0","3.1219895287958117"
"13.25","3.142408376963351"
"13.5","3.16282722513089"
"13.75","3.1832460732984296"
"14.0","3.2036649214659687"
"14.25","3.224083769633508"
"14.5","3.2445026178010474"
"14.75","3.2649214659685866"
"15.0","3.2853403141361257"
"15.25","3.305759162303665"
"15.5","3.3261780104712044"
"15.75","3.3465968586387436"
"16.0","3.3670157068062827"
"16.25","3.3874345549738223"
"16.5","3.4078534031413614"
"16.75","3.4282722513089006"
"17.0","3.4486910994764397"
"17.25","3.4691099476439793"
"17.5","3.4895287958115184"
"17.75","3.5099476439790576"
"18.0","3.530366492146597"
"18.25","3.5507853403141363"
"18.5","3.5712041884816754"
"18.75","3.5916230366492146"
"19.0","3.612041884816754"
"19.25","3.6324607329842933"
"19.5","3.6528795811518324"
"19.75","3.673298429319372"
"20.0","3.693717277486911"
"20.25","3.7141361256544503"
"20.5","3.7345549738219894"
"20.75","3.754973821989529"
"21.0","3.775392670157068"
"21.25","3.7958115183246073"
"21.5","3.816230366492147"
"21.75","3.836649214659686"
"22.0","3.857068062827225"
"22.25","3.8774869109947643"
"22.5","3.897905759162304"
"22.75","3.918324607329843"
"23.0","3.938743455497382"
"23.25","3.9591623036649217"
"23.5","3.979581151832461"
"23.75","4.0"
